type;name;01.01.2015;01.01.2016;01.01.2017;01.01.2018;01.01.2019;01.01.2020
G;1;4.5227;5.3676;19.6965;51.1292;8.977;29.4588
G;2;45.8702;19.4731;3.1022;3.8808;5.5888;4.6446
G;3;55.9792;63.0322;62.2816;30.0411;37.5594;35.369
G;4;5.3681;16.4472;16.142;19.9927;19.106;12.8384
G;5;13.2351;33.9024;40.6429;51.0713;77.2209;73.642
G;6;19.5061;18.0615;12.1592;10.2597;0;0
G;7;19.5003;28.4702;37.5355;47.4691;0;0
G;8;19.9884;8.2099;15.3281;11.2989;8.2878;6.756
G;9;1.7166;1.0239;1.183;2.0506;3.458;0
G;10;1.0208;1.3327;18.0728;6.9511;14.1906;0
G;11;13.5793;14.6676;12.2325;10.3098;0;0
G;12;7.7555;7.2944;5.751;4.1839;5.0329;5.2492
G;13;16.8623;6.569;16.7276;6.5837;9.0138;6.13
G;14;26.4873;30.1115;24.0441;19.8999;0;0
G;15;16.3132;17.483;2.763;3.7473;1.6859;15.3975
G;16;23.0376;20.4906;27.5729;29.5341;9.6538;10.1569
G;17;9.7649;10.8942;8.7953;5.5963;8.4357;52.4935
G;18;7.1908;1.5393;0.6231;2.2279;0;0
G;19;0.9861;1.8817;2.5417;1.5873;0;0
G;20;14.1524;14.602;9.129;6.3685;6.2772;4.9774
G;21;23.0225;25.9808;22.897;19.6724;6.1551;6.1443
G;22;55.2511;66.95;44.2969;15.9732;20.5029;18.4977
G;23;38.8747;27.7766;40.5666;58.4763;55.8062;62.4059
G;24;37.5908;30.2498;18.968;10.4794;16.7687;12.8243
G;25;12.8613;17.9726;5.8222;6.6372;7.5196;0
G;26;34.0146;36.5745;58.5323;0;0;0
G;27;15.6851;16.6852;15.3783;18.3588;26.6761;25.1187
G;28;53.2013;56.6501;31.8174;24.0488;37.7927;27.3931
G;29;19.4662;8.8431;11.3355;8.089;2.3022;7.8749
G;30;17.8425;21.825;16.452;23.1598;0;0
G;31;10.6544;20.3404;9.3411;11.268;0;0
G;32;27.0068;37.8304;30.9303;38.0283;52.5907;0
G;33;11.8042;22.7599;4.8449;7.5244;0;0
G;34;4.6311;5.5219;9.6282;3.9396;6.8938;6.3694
G;35;14.8516;12.514;4.7002;3.6278;0;0
G;36;17.0369;7.7438;18.2866;10.8011;19.3116;6.6677
G;37;24.0201;20.9442;25.8522;32.0438;14.8588;19.7297
G;38;13.8187;16.5105;6.8887;7.7278;6.8333;0
G;39;11.2415;15.0858;7.4427;4.9784;5.708;4.9297
G;40;22.9127;18.9811;19.9071;17.3209;15.6619;0
G;41;13.5004;18.7096;13.6394;8.9288;5.9937;4.8729
G;42;8.4803;8.1662;8.6088;8.8717;11.2763;0
G;43;9.6101;4.1239;14.8123;7.4277;0;0
G;44;10.2349;10.2024;8.7702;7.8158;0;0
G;45;11.502;10.7146;11.5784;11.6731;8.9681;10.9088
G;46;7.9834;11.3816;10.1766;11.3762;12.3143;0
G;47;14.4267;12.016;11.7862;8.9948;0;0
G;48;12.0626;13.5346;8.5443;8.1235;8.7254;0
G;49;4.2507;1.5804;1.0823;9.0438;5.3605;0
G;50;5.3334;3.7902;4.8686;4.5477;13.952;11.9282
G;51;8.9389;13.2441;7.1335;7.054;8.5515;6.1504
G;52;36.0697;13.9028;29.8648;27.5397;20.2823;0
G;53;11.0493;7.9572;7.3358;7.2684;4.3358;0
G;54;0;0;0;19.1889;33.7064;0
G;55;29.085;27.097;13.9198;14.5657;13.7599;0
G;56;76.2847;77.2781;77.2951;83.2494;0;0
G;57;25.1951;23.3035;13.328;10.8987;0;0
G;58;21.5884;37.742;15.2175;13.7287;9.5841;0
G;59;0;0;0;12.902;15.3636;13.1849
G;60;13.6323;19.926;34.7366;43.4425;47.1051;53.6467
G;61;19.3444;12.6594;13.6593;15.0565;20.2838;0
G;62;5.1868;5.6176;4.4374;2.4057;2.2979;0
G;63;11.572;11.0964;10.0956;9.6944;7.8657;0
G;64;14.5002;15.4692;22.0601;20.6647;0;0
G;65;3.9627;2.4292;3.6169;5.1231;11.9533;2.4974
G;66;38.2527;27.0452;25.649;16.5488;14.9558;0
G;67;0;0;19.0361;15.1726;14.3675;13.1826
G;68;0.6636;0.6641;0.4187;0.3138;0.6841;0
G;69;40.362;52.6929;42.9412;23.8034;32.4124;0
G;70;7.0344;7.6496;6.8449;5.3745;4.1329;47.6846
G;71;5.0673;7.2567;8.1474;8.2002;9.2039;0
G;72;14.8551;19.2752;9.7598;24.1726;10.7191;0
G;73;6.7784;18.4358;37.1956;45.2653;35.4245;0
G;74;4.9317;6.9932;21.3121;29.9701;0;0
G;75;11.948;34.6216;23.3455;17.4048;13.4473;0
G;76;14.6041;31.9807;12.7389;5.3374;6.249;7.8777
G;77;7.8732;7.3352;11.8348;15.4499;9.8826;18.9605
G;78;18.091;23.2789;19.4562;11.5653;0;0
G;79;74.0459;38.3682;9.0416;10.196;21.8728;8.858
G;80;16.8616;12.6808;10.6493;8.9582;8.7443;8.4858
G;81;15.1327;9.4125;7.7648;32.6144;4.9796;0
G;82;16.7648;25.7926;41.9554;72.0996;39.765;33.4018
G;83;34.4445;33.6791;40.2551;46.0318;48.6486;0
G;84;57.1116;27.7307;25.336;24.0224;23.9618;0
G;85;1.8325;3.8613;9.9382;9.5925;2.8423;5.954
G;86;29.4914;39.4883;49.4914;82.1772;0;0
G;87;66.4409;74.1207;73.7184;82.2066;0;0
G;88;43.8536;31.4922;12.3721;13.2195;12.0525;0
G;89;12.4031;9.1927;7.2364;7.7455;8.923;12.8
G;90;17.2905;12.1294;15.7661;20.3961;26.1802;22.874
G;91;19.5491;12.0693;4.1246;6.9326;7.2154;0
G;92;25.9301;20.3735;27.4883;25.6257;0;0
G;93;0;0;0;4.845;4.011;3.8827
G;94;22.9328;22.2477;16.6738;30.9495;0;0
G;95;35.9314;37.5551;10.4344;10.3037;6.0614;7.8101
G;96;35.7064;68.5694;9.6368;19.5759;0;0
G;97;22.7201;14.0559;33.8444;8.1724;8.2769;32.8328
G;98;20.7524;18.5856;16.1982;19.6147;20.0642;20.1496
G;99;23.6926;2.759;3.4229;9.7753;10.4443;5.4473
G;100;5.4812;7.1635;13.2398;20.2988;12.5397;12.5496
G;101;16.0754;21.5643;15.8401;4.4612;0;0
G;102;27.466;25.1148;23.5435;15.2103;0;0
G;103;28.1477;28.1837;23.9958;23.8499;0;0
G;104;0;0;0;0;45.2537;52.518
G;105;41.922;36.8379;26.597;19.6625;0;0
G;106;27.1532;46.3255;50.9226;19.2893;49.2098;43.705
G;107;43.0457;38.6386;42.2601;43.6715;57.5726;56.4066
G;108;7.2958;13.0003;6.5116;6.6321;0;0
G;109;0;0;0;0;0;0
G;110;9.3402;9.1044;4.538;5.1582;4.362;7.937
G;111;18.9822;18.8638;23.2775;35.4432;37.9915;36.9991
G;112;18.5209;11.3144;19.2662;22.2695;11.5257;0
G;113;10.9074;37.3645;42.1884;37.9929;0;0
G;114;9.8571;9.8714;9.0362;8.2855;6.6034;9.8287
G;115;0.2934;1.1763;1.4388;2.1173;5.0194;0
G;116;50.9335;66.9468;25.2964;20.4582;15.6126;32.4594
G;117;14.092;15.1545;6.3353;8.8551;7.0158;0
G;118;32.4696;31.8798;21.0672;27.8735;23.2053;29.1926
G;119;12.3872;5.0024;4.7963;4.5639;2.0775;2.9832
G;120;19.1841;12.9598;12.5235;12.2626;4.7174;7.4472
G;121;9.9821;15.5649;11.4859;53.615;44.9376;33.8963
G;122;20.6455;19.2521;39.3343;5.749;5.8023;0
G;123;22.6247;21.5002;22.5048;18.767;0;0
G;124;24.0454;11.64;19.848;18.9199;12.7711;12.2302
G;125;11.4701;8.4116;19.7868;41.6576;10.2618;34.263
G;126;6.3015;15.2567;10.3461;7.279;6.7166;13.8207
G;127;7.5448;9.7883;6.9335;11.3439;11.8059;5.2725
G;128;5.3773;6.181;5.1905;3.6645;2.6606;4.366
G;129;10.2256;10.4146;13.5189;12.5899;0;0
G;130;3.8528;6.4185;5.5421;33.4256;16.74;0
G;131;48.1183;52.2382;49.3202;51.1872;62.139;0
G;132;0;0;0;0;5.8387;10.9964
G;133;41.1976;37.9195;19.5669;4.7161;4.9785;0
G;134;19.8834;13.3271;11.3579;7.0497;0;0
G;135;41.7791;41.0037;34.5111;8.8757;10.9982;7.237
G;136;13.433;17.6689;17.1118;22.0312;11.8678;24.8436
G;137;11.402;18.1448;11.9958;8.9982;0;0
G;138;24.3351;33.5821;33.981;52.2788;0;0
G;139;19.3204;66.0775;83.8226;70.9748;73.7502;0
G;140;6.1739;11.8996;5.5086;8.2143;68.8892;0
G;141;13.3293;14.8692;7.057;11.8144;0;0
G;142;12.6153;24.1037;6.0112;5.4635;6.0673;0
G;143;12.632;9.8897;6.3884;6.5153;0;0
G;144;3.9782;4.4416;2.4694;6.5538;0;0
G;145;8.5307;10.5463;32.6352;13.3943;15.0518;0
G;146;12.0337;13.8386;3.8437;3.1316;0;0
G;147;5.0313;6.4083;4.9482;17.8519;3.2971;0
G;148;12.5343;31.656;27.3272;19.4975;21.6304;0
G;149;14.9713;21.0232;29.8149;24.62;0;0
G;150;0;0;0;15.0857;20.0512;0
G;151;37.8014;41.6747;38.2953;23.846;0;0
G;152;0;0;0;7.5869;6.4613;5.2985
G;153;18.6336;20.7784;36.466;49.1175;0;0
G;154;21.5144;18.1264;11.913;3.1605;7.7786;7.2568
G;155;16.4598;15.9712;12.167;8.1104;9.4939;0
G;156;18.7142;27.626;26.9307;24.6899;0;0
G;157;14.7377;17.0182;10.8011;13.2506;10.5928;0
G;158;17.115;15.8688;11.8224;8.4259;8.8502;0
G;159;0;0;0;7.9596;9.8581;7.7354
G;160;47.6622;46.282;37.2504;38.4955;35.4637;0
G;161;25.3822;22.4699;44.4683;34.654;0;0
G;162;71.8215;75.3275;74.8761;84.3436;0;0
G;163;60.1704;12.1634;22.7242;8.8977;5.6293;2.9551
G;164;31.8347;37.4644;28.2732;21.349;0;0
G;165;20.5429;13.9986;16.1972;5.678;10.4649;0
G;166;0;0;0;28.0145;21.1391;13.333
G;167;20.9608;34.7118;36.8825;37.8586;35.872;40.7602
G;168;3.1516;1.6154;4.998;2.5463;1.1404;1.9788
G;169;61.5676;56.1541;13.5896;14.3992;11.0201;6.6206
G;170;15.6312;13.9637;11.1753;13.7298;13.0831;14.621
G;171;62.3094;56.4069;65.5924;14.959;0;0
G;172;43.0877;79.8423;87.479;86.7799;92.027;0
G;173;20.5358;34.4843;40.4395;49.9326;0;0
G;174;21.733;21.0061;11.1752;24.5451;20.4862;12.7431
G;175;17.7677;18.8201;14.3347;18.9318;13.6679;9.4246
G;176;17.3439;18.6658;12.8008;6.0403;0;0
G;177;36.5343;20.8531;9.9795;15.1771;0;0
G;178;0.9938;0.7376;0.3733;4.9399;5.4834;3.7046
G;179;41.88;43.8757;35.6611;50.9193;0;0
G;180;92.3263;58.8707;0;0;0;0
G;181;22.6548;11.5341;14.8953;8.2005;7.652;0
G;182;5.7027;4.1834;3.5986;5.9481;6.3399;8.604
G;183;22.4282;19.9156;17.1428;20.8348;0;0
G;184;17.4131;12.368;9.7036;11.7351;16.0644;11.2276
G;185;28.1906;26.317;19.6465;14.8211;8.4213;0
G;186;6.5704;2.9297;4.049;4.2212;2.6122;2.9792
G;187;17.6603;12.8771;11.5654;13.5271;0;0
G;188;17.109;9.1788;11.6779;12.6806;0;0
G;189;37.3516;17.8837;9.222;15.3048;0;0
G;190;15.9207;15.6317;24.359;16.2147;21.7003;25.8239
G;191;19.61;19.0964;28.6263;15.369;0;0
G;192;27.292;10.1669;31.827;8.1043;0;0
G;193;32.7391;27.0579;23.7941;21.7805;0;0
G;194;0;0;12.0687;8.0352;8.0867;0
G;195;0;0;0;10.3421;19.0898;13.4136
G;196;33.3519;34.362;26.7181;28.1882;0;0
G;197;24.1038;32.124;17.491;21.1233;12.074;8.9678
G;198;8.9169;20.5187;18.3801;7.7566;9.024;5.9909
G;199;18.5275;14.0886;26.2365;7.6307;3.0409;0
G;200;20.4832;25.7619;15.4798;35.0013;0;0
G;201;22.9685;19.0031;14.0996;5.9266;0;0
G;202;4.0943;3.561;3.2678;4.2693;8.2983;8.1892
G;203;27.479;15.7387;65.2895;72.0855;0;0
G;204;57.868;75.277;71.8761;81.8293;85.0268;0
G;205;25.9313;28.4683;29.6319;17.3282;0;0
G;206;38.9276;31.6085;12.1524;29.6277;0;0
G;207;53.1687;79.4103;78.6169;72.5291;78.6818;62.4659
G;208;18.1949;16.2389;7.8303;6.3877;6.0937;0
G;209;13.7922;14.5324;10.3322;9.1024;9.1737;5.6507
G;210;22.399;12.5046;16.6907;12.2267;11.5467;0
G;211;3.3376;12.434;25.4405;5.46;6.7749;4.1878
G;212;30.0251;17.608;15.5103;7.7287;8.9136;0
G;213;0;0;0;9.001;19.2532;17.2979
G;214;14.5193;20.226;19.4848;18.5282;0;0
G;215;7.777;16.9939;32.801;8.9336;19.4872;13.2091
G;216;4.8029;13.5839;3.9129;4.1513;0;0
G;217;10.9982;6.9114;32.4785;45.684;33.3932;39.2202
G;218;15.5977;30.9707;8.5553;10.3537;11.2917;11.8235
G;219;8.8254;4.5083;10.6237;4.7021;0;0
G;220;26.3569;45.5378;28.0782;15.3031;11.8121;0
G;221;14.5588;27.2389;17.8268;21.9725;0;0
G;222;12.0331;17.214;32.4225;8.74;11.1831;6.4052
G;223;10.7501;7.0182;5.6131;7.0076;3.9069;4.547
G;224;14.5061;25.9654;21.8379;12.4626;9.1892;29.3552
G;225;73.206;70.6913;71.6124;63.0768;70.5748;0
G;226;2.9218;1.4479;12.3878;42.0293;0;0
G;227;28.3163;45.8964;24.77;37.5988;44.9185;26.324
G;228;19.8352;12.231;4.3164;7.638;0;0
G;229;32.1343;28.1364;19.89;17.0114;0;0
G;230;17.705;6.3515;10.6699;8.6049;7.3069;4.646
G;231;7.5954;5.2166;0;0;0;0
G;232;4.1657;16.4389;2.5097;8.4271;0;0
G;233;21.2493;47.8101;19.2512;15.0671;1.9089;5.4959
G;234;54.4624;40.0373;23.6204;33.8498;26.4493;23.4232
G;235;21.6264;31.8917;22.8068;15.4388;33.4705;0
G;236;10.8351;13.3435;8.6028;11.2563;0;0
G;237;6.887;12.9796;15.9316;13.1305;4.6883;6.801
G;238;1.195;1.4985;1.5183;3.4656;1.8965;0
G;239;17.8607;15.6159;14.6437;13.0159;0;0
G;240;20.3401;24.9968;7.4685;6.9656;7.8974;0
G;241;22.338;35.1673;67.4668;83.5372;76.1223;0
G;242;28.7847;25.1241;24.233;8.9696;18.313;0
G;243;15.6072;29.312;12.742;23.7002;0;0
G;244;13.9399;13.5829;12.7559;13.5633;11.2546;0
G;245;38.8262;17.9695;37.6478;45.2353;0;0
G;246;3.7414;4.5322;4.4426;2.2924;3.1614;0
G;247;8.4465;8.4045;10.9322;13.1977;8.1324;4.6085
G;248;4.1468;6.3777;8.009;7.2895;0;0
G;249;12.3119;11.4814;6.7627;6.8614;0;0
G;250;16.5424;14.9622;7.0212;6.6105;0;0
G;251;12.0572;5.6157;7.0606;7.3444;6.6273;11.9081
G;252;6.8198;12.0751;10.0921;3.4367;0;0
G;253;0.3552;1.0037;0.7475;1.0428;1.2142;0.331
G;254;33.0406;59.179;42.7919;43.7363;49.3493;30.4835
G;255;36.0303;19.017;12.338;16.2359;0;0
G;256;16.0403;10.2053;9.5919;8.198;0;0
G;257;0;0;0;0;14.3036;5.8351
G;258;11.1029;1.8798;5.7897;3.1808;2.7046;6.2824
G;259;34.1874;50.5779;13.7963;6.432;0;0
G;260;23.705;40.1006;20.178;51.3513;0;0
G;261;29.7495;23.545;9.0948;4.0057;12.4079;3.4903
G;262;26.6085;17.5155;10.2435;20.4597;21.322;21.8343
G;263;25.389;22.7726;7.1355;9.0248;11.8191;0
G;264;17.4778;26.187;32.657;33.7045;34.1054;29.316
G;265;9.9964;12.5036;9.7319;7.7783;8.8365;9.7898
G;266;54.9913;41.3362;74.6064;89.7317;73.239;60.4354
G;267;0;65.0719;39.5459;33.6695;58.495;0
G;268;15.4047;15.8603;15.1074;12.4867;11.2187;10.6376
G;269;15.7407;9.5975;30.2;15.4453;15.953;18.9101
G;270;82.598;62.6177;52.4626;53.1353;48.2101;59.2039
G;271;12.1426;7.7653;9.7643;5.6197;5.4413;5.782
G;272;12.9664;12.7281;8.2916;25.1898;0;0
G;273;0;0;18.8805;20.2369;15.8399;21.7676
G;274;10.034;8.8052;6.5118;10.7851;5.3275;2.5143
G;275;33.0649;27.2;23.5375;12.8741;0;0
G;276;14.6365;31.1331;18.3771;16.793;0;0
G;277;14.7716;24.2407;27.9701;31.0334;0;0
G;278;24.0523;17.8926;40.5274;47.2088;40.9881;0
G;279;30.5423;9.0576;8.6022;6.5283;1.8253;0
G;280;46.3063;15.5653;9.2706;14.7979;7.7509;0
G;281;12.5693;35.9229;17.8716;31.489;0;0
G;282;9.8306;10.1524;5.5754;5.8065;4.8104;3.893
G;283;10.6649;5.8031;5.8599;3.7379;0;0
G;284;8.9204;10.0355;11.4393;5.1883;0;0
G;285;8.45;9.2748;12.0407;9.0741;0;0
G;286;20.6628;17.3441;20.4519;18.3582;10.6422;0
G;287;0;13.5857;14.3068;14.3186;11.1295;14.4938
G;288;60.7997;37.2982;22.3297;11.7496;0;0
G;289;19.0153;22.9651;15.0648;14.7829;0;0
G;290;30.0277;20.6106;14.5738;29.1774;0;0
G;291;56.6128;33.4399;33.3588;21.3371;15.5764;0
G;292;18.746;21.363;5.6751;4.257;7.7072;0
G;293;36.9864;35.6169;17.1583;11.8296;12.7494;7.311
G;294;20.7429;14.3444;13.1987;11.3466;0;0
G;295;1.0675;0.9448;0.3984;0.3006;0;0
G;296;7.4591;9.8462;4.4536;38.9776;0;0
G;297;10.5965;11.9416;13.3527;3.5937;0;0
G;298;9.3696;12.4981;10.1863;13.4204;10.0219;0
G;299;20.1253;19.2243;23.4181;15.0323;0;0
G;300;9.5544;6.342;6.157;5.9925;5.1437;5.6223
G;301;0;0;28.4302;39.1262;38.9308;37.7742
G;302;18.0496;15.9082;25.4936;35.2297;40.339;35.9148
G;303;10.974;6.499;5.8387;6.4592;5.5226;6.3173
G;304;36.288;40.6563;19.098;19.3696;0;0
G;305;28.9163;40.8383;39.1662;20.926;7.6583;6.832
G;306;18.6416;17.5537;15.8016;15.3716;10.8035;13.2176
G;307;25.2493;22.2739;22.584;27.5898;51.2576;0
G;308;0;0;0;0;13.3883;37.962
G;309;17.0431;15.2922;47.524;59.8544;0;0
G;310;25.8277;46.2417;24.1605;21.6458;49.0124;89.851
G;311;15.4865;20.5446;24.1752;15.2221;14.1301;4.5252
G;312;20.1145;5.1234;4.5083;4.7257;3.6534;4.8028
G;313;20.2957;11.4232;23.8096;49.4671;54.1854;39.35
G;314;7.4572;10.5285;10.9265;10.0767;5.7407;13.144
G;315;12.478;17.9268;19.3053;17.8407;14.649;0
G;316;9.2008;7.59;6.8835;7.9329;7.7306;0
G;317;11.4079;7.1653;5.2483;6.0742;7.2094;8.1779
G;318;19.5881;11.4152;10.7961;3.5497;3.7064;5.2412
G;319;5.0099;4.3371;8.7614;12.6275;7.508;5.7349
G;320;0;0;0;0;7.5184;6.4781
G;321;19.7466;12.2061;14.2489;8.6258;5.2879;0
G;322;15.4805;37.4867;19.0418;22.5397;22.5002;0
G;323;9.1378;9.1323;6.6294;7.5745;6.1872;5.9451
G;324;12.6021;11.2253;3.7969;5.7958;11.3517;0
G;325;18.1573;18.5089;26.5685;13.2783;0;0
G;326;20.4783;31.4229;26.2623;27.2831;20.4306;28.2733
G;327;13.0589;10.437;9.1564;8.4719;7.7999;11.3464
G;328;20.3515;36.8013;45.4139;37.7104;9.1197;13.1207
G;329;34.4078;26.2148;15.0508;10.7292;19.4206;0
G;330;19.4845;21.0213;28.0267;23.7622;23.6035;0
G;331;0;0;15.7434;12.9141;14.6611;3.8485
G;332;21.5939;21.6692;19.7526;23.6474;21.9326;16.7749
G;333;29.1218;28.3317;26.4878;15.3952;0;0
G;334;9.9819;14.6018;4.8112;3.9208;5.0892;3.5989
G;335;16.2077;15.6321;14.2901;12.9158;0;0
G;336;9.8659;5.4442;8.105;8.272;5.0067;0
G;337;13.4092;19.1968;12.849;10.6284;12.1851;8.2809
G;338;16.6505;17.9892;14.5624;11.7156;10.6121;0
G;339;11.018;10.6839;7.1745;5.2995;9.2289;4.7336
G;340;18.6653;52.5528;26.7005;5.8655;0;0
G;341;17.7955;14.5702;7.8828;8.2228;0;0
G;342;64.9542;27.4759;24.4584;27.9507;0;0
G;343;11.2886;14.6923;6.7151;16.2873;10.1062;10.2455
G;344;12.5442;13.5951;9.9711;8.1563;7.7671;9.2473
G;345;16.1179;19.6487;34.1442;33.8607;0;0
G;346;6.9467;10.2084;5.5068;20.1563;16.5966;15.6691
G;347;9.1616;8.5371;10.0944;8.5917;6.7275;6.9535
G;348;18.7682;17.8922;10.7306;10.1931;8.6293;7.1551
G;349;38.6511;46.4565;38.2704;39.5138;43.3729;0
G;350;16.9894;12.8572;10.0626;9.0781;15.9289;0
G;351;20.4649;30.4654;34.891;37.851;44.13;46.9397
G;352;25.7917;20.3712;10.7492;8.3477;7.1923;5.9169
G;353;15.2624;19.8067;65.217;4.0918;48.9938;0
G;354;7.9963;6.0093;5.0393;8.055;5.6656;7.662
G;355;0;1.9263;1.5838;3.9094;4.5296;2.7437
G;356;32.1801;25.5612;21.6197;22.1857;21.1285;0
G;357;8.3119;4.0709;3.809;67.4533;43.8679;20.1521
G;358;13.3328;10.7952;9.3932;9.9897;10.3142;7.1229
D;1.15;75.218;0;0;0;0;0
D;2.15;9.8712;0;0;0;0;0
D;3.15;0;0;0;0;0;0
D;4.15;37.0654;0;0;0;0;0
D;5.15;21.8148;0;0;0;0;0
D;6.15;20.3992;0;0;0;0;0
D;7.15;6.4357;0;0;0;0;0
D;8.15;4.1047;0;0;0;0;0
D;9.15;0;0;0;0;0;0
D;10.15;0;0;0;0;0;0
D;11.15;19.196;0;0;0;0;0
D;12.15;48.5179;0;0;0;0;0
D;13.15;16.7794;0;0;0;0;0
D;14.15;0;0;0;0;0;0
D;15.15;33.907;0;0;0;0;0
D;16.15;11.6068;0;0;0;0;0
D;17.15;6.6874;0;0;0;0;0
D;18.15;29.5559;0;0;0;0;0
D;19.15;0;0;0;0;0;0
D;20.15;20.0726;0;0;0;0;0
D;21.15;0;0;0;0;0;0
D;22.15;0;0;0;0;0;0
D;23.15;0;0;0;0;0;0
D;24.15;7.2993;0;0;0;0;0
D;25.15;0;0;0;0;0;0
D;26.15;1.8326;0;0;0;0;0
D;27.15;0;0;0;0;0;0
D;28.15;15.4868;0;0;0;0;0
D;29.15;11.3352;0;0;0;0;0
D;30.15;0;0;0;0;0;0
D;31.15;0;0;0;0;0;0
D;32.15;0;0;0;0;0;0
D;33.15;26.7295;0;0;0;0;0
D;34.15;38.8579;0;0;0;0;0
D;35.15;0;0;0;0;0;0
D;36.15;0;0;0;0;0;0
D;37.15;0;0;0;0;0;0
D;38.15;0;0;0;0;0;0
D;39.15;16.6454;0;0;0;0;0
D;40.15;0;0;0;0;0;0
D;41.15;17.1046;0;0;0;0;0
D;42.15;0;0;0;0;0;0
D;43.15;8.706;0;0;0;0;0
D;44.15;0;0;0;0;0;0
D;45.15;0;0;0;0;0;0
D;46.15;0;0;0;0;0;0
D;47.15;16.0453;0;0;0;0;0
D;48.15;0;0;0;0;0;0
D;49.15;0;0;0;0;0;0
D;50.15;0;0;0;0;0;0
D;51.15;32.678;0;0;0;0;0
D;52.15;0;0;0;0;0;0
D;53.15;13.9374;0;0;0;0;0
D;54.15;11.5596;0;0;0;0;0
D;55.15;0;0;0;0;0;0
D;56.15;0;0;0;0;0;0
D;57.15;0;0;0;0;0;0
D;58.15;7.8613;0;0;0;0;0
D;59.15;0;0;0;0;0;0
D;60.15;7.8609;0;0;0;0;0
D;61.15;16.2724;0;0;0;0;0
D;62.15;12.3136;0;0;0;0;0
D;63.15;5.8867;0;0;0;0;0
D;64.15;13.6534;0;0;0;0;0
D;65.15;0;0;0;0;0;0
D;66.15;0;0;0;0;0;0
D;67.15;0;0;0;0;0;0
D;68.15;0;0;0;0;0;0
D;1.16;0;0;0;0;0;0
D;2.16;0;0;0;0;0;0
D;3.16;13.7678;0;0;0;0;0
D;4.16;7.6877;0;0;0;0;0
D;5.16;9.381;0;0;0;0;0
D;6.16;41.7875;0;0;0;0;0
D;7.16;4.0349;0;0;0;0;0
D;8.16;15.7827;0;0;0;0;0
D;9.16;11.7563;8.2684;0;0;0;0
D;10.16;15.5568;0;0;0;0;0
D;11.16;11.3163;15.3986;0;0;0;0
D;12.16;9.9835;0;0;0;0;0
D;13.16;41.1424;62.9195;0;0;0;0
D;14.16;0;0;0;0;0;0
D;15.16;25.5208;0;0;0;0;0
D;16.16;9.4558;15.5896;0;0;0;0
D;17.16;17.549;30.2425;0;0;0;0
D;18.16;14.6529;4.1829;0;0;0;0
D;19.16;42.8132;22.9379;0;0;0;0
D;20.16;19.5693;10.0117;0;0;0;0
D;21.16;15.7852;0;0;0;0;0
D;22.16;12.9462;16.7625;0;0;0;0
D;23.16;0;0;0;0;0;0
D;24.16;28.1263;0;0;0;0;0
D;25.16;0;0;0;0;0;0
D;26.16;2.8305;0;0;0;0;0
D;27.16;0;0;0;0;0;0
D;28.16;47.1602;0;0;0;0;0
D;29.16;4.7295;0;0;0;0;0
D;30.16;0;0;0;0;0;0
D;31.16;40.7205;0;0;0;0;0
D;32.16;8.4994;5.2529;0;0;0;0
D;33.16;27.1018;21.942;0;0;0;0
D;34.16;14.713;0;0;0;0;0
D;35.16;16.9324;10.4618;0;0;0;0
D;36.16;0;0;0;0;0;0
D;37.16;5.0292;0;0;0;0;0
D;38.16;71.4322;0;0;0;0;0
D;39.16;9.6871;0;0;0;0;0
D;40.16;13.1908;0;0;0;0;0
D;41.16;13.6894;16.5374;0;0;0;0
D;42.16;17.7907;13.6506;0;0;0;0
D;43.16;0;0;0;0;0;0
D;44.16;9.7583;11.4588;0;0;0;0
D;45.16;0;0;0;0;0;0
D;46.16;12.0415;0;0;0;0;0
D;47.16;12.7113;0;0;0;0;0
D;48.16;15.5198;32.8612;0;0;0;0
D;49.16;4.7092;0;0;0;0;0
D;50.16;11.0492;18.8609;0;0;0;0
D;51.16;8.0808;10.5418;0;0;0;0
D;52.16;6.3513;0;0;0;0;0
D;53.16;14.5437;0;0;0;0;0
D;54.16;8.5727;11.2496;0;0;0;0
D;55.16;5.4198;0;0;0;0;0
D;56.16;0;0;0;0;0;0
D;57.16;25.8432;0;0;0;0;0
D;58.16;16.7644;0;0;0;0;0
D;59.16;33.3727;0;0;0;0;0
D;60.16;11.0757;0;0;0;0;0
D;61.16;6.78;5.9314;0;0;0;0
D;62.16;0;0;0;0;0;0
D;63.16;13.9784;0;0;0;0;0
D;64.16;16.5865;0;0;0;0;0
D;65.16;7.9891;21.549;0;0;0;0
D;66.16;7.2229;7.9068;0;0;0;0
D;67.16;65.4621;0;0;0;0;0
D;68.16;9.4513;0;0;0;0;0
D;69.16;74.8567;0;0;0;0;0
D;70.16;14.2638;0;0;0;0;0
D;71.16;23.5408;14.9942;0;0;0;0
D;72.16;26.8213;0;0;0;0;0
D;73.16;0;0;0;0;0;0
D;74.16;13.8609;29.1168;0;0;0;0
D;75.16;4.9328;0;0;0;0;0
D;76.16;10.7851;0;0;0;0;0
D;77.16;0;0;0;0;0;0
D;78.16;14.1611;0;0;0;0;0
D;79.16;9.5023;0;0;0;0;0
D;80.16;11.7806;0;0;0;0;0
D;81.16;11.523;41.9226;0;0;0;0
D;82.16;18.5557;19.8774;0;0;0;0
D;83.16;21.402;0;0;0;0;0
D;84.16;9.2399;0;0;0;0;0
D;1.17;7.6777;0;0;0;0;0
D;2.17;11.4615;5.3782;8.7229;0;0;0
D;3.17;27.3754;9.8728;0;0;0;0
D;4.17;13.7654;11.4694;7.7367;0;0;0
D;5.17;12.5506;0;0;0;0;0
D;6.17;38.7768;0;0;0;0;0
D;7.17;62.0433;64.7837;0;0;0;0
D;8.17;15.3801;0;0;0;0;0
D;9.17;0;17.343;4.739;0;0;0
D;10.17;13.7953;16.3678;0;0;0;0
D;11.17;12.3204;0;0;0;0;0
D;12.17;22.3643;18.3148;0;0;0;0
D;13.17;19.4657;0;0;0;0;0
D;14.17;32.4143;24.5011;0;0;0;0
D;15.17;14.8906;19.6141;13.8499;0;0;0
D;16.17;43.2304;54.6751;53.6252;0;0;0
D;17.17;0;0;0;0;0;0
D;18.17;5.9801;0;0;0;0;0
D;19.17;0;0;0;0;0;0
D;20.17;14.3085;27.8607;15.2047;0;0;0
D;21.17;38.0162;28.3149;14.8487;0;0;0
D;22.17;7.9556;3.0977;0;0;0;0
D;23.17;6.5868;0;0;0;0;0
D;24.17;27.2588;0;0;0;0;0
D;25.17;22.8767;23.0077;17.1599;0;0;0
D;26.17;21.9142;27.7658;0;0;0;0
D;27.17;3.506;0;0;0;0;0
D;28.17;16.3441;15.6701;0;0;0;0
D;29.17;0;0;0;0;0;0
D;30.17;14.419;14.2864;0;0;0;0
D;31.17;19.9656;0;0;0;0;0
D;32.17;0;0;0;0;0;0
D;33.17;13.1667;0;0;0;0;0
D;34.17;28.9336;20.823;33.6531;0;0;0
D;35.17;17.5975;26.9382;26.5333;0;0;0
D;36.17;28.6895;18.5014;0;0;0;0
D;37.17;6.5549;8.9008;0;0;0;0
D;38.17;11.755;16.2022;12.9277;0;0;0
D;39.17;11.0069;0;0;0;0;0
D;40.17;24.7897;6.5483;0;0;0;0
D;41.17;0;0;0;0;0;0
D;1.18;0;14.9661;14.0449;10.7123;0;0
D;2.18;14.0313;16.5361;29.809;27.7048;0;0
D;3.18;21.1312;17.4212;10.0926;0;0;0
D;4.18;17.2384;17.3816;10.9947;4.2325;0;0
D;5.18;19.4821;14.0676;8.6433;9.0715;0;0
D;6.18;11.3246;17.4901;21.2615;23.6808;0;0
D;7.18;14.7581;9.8562;10.5911;10.8475;0;0
D;8.18;3.8938;4.2026;3.5309;3.3959;0;0
D;9.18;14.226;47.5687;10.6573;11.4094;0;0
D;10.18;33.845;35.8238;36.6433;43.4342;0;0
D;11.18;17.6877;22.4999;15.6432;17.9287;0;0
D;12.18;9.8544;8.163;8.4347;6.9048;0;0
D;13.18;16.86;12.3544;5.613;5.9229;0;0
D;14.18;14.5698;14.1064;11.5369;11.0412;0;0
D;15.18;46.4944;47.9022;22.3879;13.4585;0;0
D;16.18;6.5813;0;0;0;0;0
D;17.18;9.7579;12.6933;8.3062;0;0;0
D;18.18;0;0;15.172;13.2687;0;0
D;19.18;29.7705;24.1136;10.0423;7.4516;0;0
D;20.18;16.684;41.519;28.2993;37.9552;0;0
D;21.18;5.527;8.2187;4.9189;0;0;0
D;22.18;24.0242;31.897;22.248;19.7139;0;0
D;23.18;37.9573;35.967;44.4926;0;0;0
D;24.18;10.4136;10.005;12.015;10.7099;0;0
D;25.18;5.7708;4.7091;4.9319;6.0272;0;0
D;26.18;33.5577;0;0;0;0;0
D;27.18;3.5013;3.2592;2.3318;10.9681;0;0
D;28.18;8.7392;16.6998;11.2517;0;0;0
D;29.18;29.7879;18.9108;15.4527;5.6421;0;0
D;30.18;11.696;26.7124;4.8845;11.2626;0;0
D;31.18;12.2992;0;8.6427;10.7096;0;0
D;32.18;51.5661;0;0;0;0;0
D;33.18;9.6748;0;0;0;0;0
D;34.18;11.22;0;0;0;0;0
D;35.18;48.2375;55.5041;47.7242;0;0;0
D;36.18;15.0689;13.8813;13.8112;13.885;0;0
D;37.18;3.8661;6.3514;11.4853;6.6496;0;0
D;38.18;4.7326;2.8546;9.9876;2.5116;0;0
D;39.18;31.2752;23.5998;16.2767;23.2072;0;0
D;40.18;15.3088;15.4316;10.2211;0;0;0
D;41.18;0;0;6.2251;6.7354;0;0
D;42.18;13.2957;9.1079;5.6825;10.9055;0;0
D;43.18;5.0042;18.2824;9.7571;0;0;0
D;44.18;37.2277;46.7395;52.8684;11.9095;0;0
D;45.18;11.1936;21.6073;0;0;0;0
D;46.18;37.1675;27.9625;13.2662;0;0;0
D;47.18;3.3262;29.1285;23.3138;11.9275;0;0
D;1.19;0;0;0;0;0;0
D;2.19;7.5524;14.2269;14.9922;0;0;0
D;3.19;18.3624;13.7298;12.1192;13.3447;0;0
D;4.19;0;36.1792;48.861;27.4157;0;0
D;5.19;20.844;29.2118;0;0;0;0
D;6.19;38.715;64.6005;30.0868;24.4876;0;0
D;7.19;7.2035;25.4102;6.2097;23.5539;0;0
D;8.19;22.5447;11.8347;11.0624;16.4695;14.2031;0
D;9.19;19.7675;42.1889;16.1794;16.4588;0;0
D;10.19;26.1272;26.2567;28.1265;22.0274;0;0
D;11.19;19.4649;0;0;0;0;0
D;12.19;12.748;21.754;14.4912;11.8365;0;0
D;13.19;18.0584;0;21.7783;16.1934;9.9363;0
D;14.19;8.4145;6.5476;5.5042;3.8006;0;0
D;15.19;13.6615;11.8447;12.0269;9.3159;0;0
D;16.19;12.5199;21.034;7.8076;22.4064;0;0
D;17.19;24.8647;34.4577;9.3336;14.4259;4.4301;0
D;18.19;4.0033;8.4122;9.8242;12.8831;0;0
D;19.19;35.3785;34.3527;14.3232;18.34;0;0
D;20.19;19.7057;29.0623;38.2396;18.8348;0;0
D;21.19;76.0822;71.0382;39.0245;29.2478;0;0
D;22.19;32.7578;45.9852;52.8125;60.4663;0;0
D;23.19;39.9051;22.939;55.548;14.0552;0;0
D;1.2;17.8686;17.9098;16.8307;18.9052;0;0
D;2.2;12.057;24.5729;17.8808;13.5445;11.1917;37.2759
D;3.2;16.5714;24.453;51.5263;23.6894;0;0
D;4.2;11.5329;6.1207;4.6006;5.6192;0;0
D;5.2;36.1327;30.7259;13.6054;11.7057;0;0
D;6.2;0;0;19.823;12.7591;13.0589;0
D;7.2;10.8628;37.6066;39.2349;11.2771;23.3633;10.84
D;8.2;40.1586;34.9114;17.9011;14.1454;0;0
D;9.2;15.8923;30.3303;17.7149;17.7858;0;0
D;10.2;41.1031;18.9173;19.6886;31.8948;8.6439;0
D;11.2;19.056;17.3639;16.5208;17.5051;12.9673;0
D;12.2;28.1384;39.6146;39.4902;44.0871;0;0